Time (s),Tank Length (m),Tank Radius (m),P0 (Pa),Gear Radius (m),Stroke Length (m),Piston Radius (m),Density (kg/m^3)
5.56,0.298775984,0.133568358,114186.5083,0.00352788,0.200994064,0.037553091,4655.225246
5.58,0.217562441,0.103020336,110086.4417,0.002992321,0.18616844,0.034142724,5826.178609
5.64,0.284173513,0.127841085,138724.0114,0.006293142,0.452544256,0.039026194,5277.208268
5.6699999999999235,0.2927945534040713,0.16152902627910615,145034.29320915625,0.005606559706098996,0.4553123270562632,0.03404325171408764,2620.749809665924
5.37999999999993,0.27885497646888824,0.13907730637329488,133588.18526968083,0.001541430872426368,0.09989026671586757,0.014542345505589162,687.2129375667587
